ISO.code,Year,imp_sum,loans_sum,avg_nim,corp_avg,households_avg,policy_avg,Country,GDP_per_capita,DFR,MLF,MRO,Inflation
AT,2005,1.706711,421720459.085527,2.10504844034091,3.35916666666667,6.99166666666667,2.01780821917808,Austria,29602.44,1.017808219,3.017808219,2.017808219,2.1
AT,2006,2.098508,504483697.019335,2.08121039204545,4.07083333333333,6.96666666666667,2.76027397260274,Austria,30836.16,1.760273973,3.760273973,2.760273973,1.7
AT,2007,2.145141,599093880.824714,2.09698278977273,5.09083333333333,7.58,3.83904109589041,Austria,32061.22,2.839041096,4.839041096,3.839041096,2.2
AT,2008,3.074142,612699334.117144,2.00692853977273,5.4075,7.98,3.90027322404372,Austria,33010.86,3.005464481,4.775956284,3.900273224,3.2
AT,2009,8.794149,632721521.872379,1.89465567613636,2.89166666666667,7.25416666666667,1.27876712328767,Austria,32260.93,0.465753425,2.091780822,1.278767123,0.4
AT,2010,8.974373,635934494.15765,1.84928305113636,2.555,6.775,1,Austria,33037.53,0.25,1.75,1,1.7
AT,2011,8.649025,640335325.986142,1.95838468181818,3.1875,7.0241666666666696,1.24931506849315,Austria,34403.67,0.499315068,1.999315068,1.249315068,3.6
AT,2012,9.818369,654002569.318476,1.79361632954545,2.87666666666667,6.88916666666667,0.881147540983607,Austria,35657.15,0.131147541,1.631147541,0.881147541,2.6
AT,2013,10.736606,677911822.760018,1.77446529545455,2.65666666666667,6.725,0.553424657534246,Austria,35824.27,0,1.140410959,0.553424658,2.1
AT,2014,11.390358,603830129.698071,1.81819322727273,2.48666666666667,6.53916666666667,0.163150684931507,Austria,36284.2,-0.086849315,0.523424658,0.163150685,1.5
AT,2015,11.910757,546216215.687757,1.77749279545455,1.97166666666667,6.05166666666667,0.05,Austria,37383.86,-0.20630137,0.3,0.05,0.8
AT,2016,9.197601,538588932.931854,1.72446030681818,1.70333333333333,5.80666666666667,0.0102459016393442,Austria,38123.14,-0.379508197,0.260245902,0.010245902,1
AT,2017,6.044689,649280636.278508,1.59465655113636,1.5775,5.6175,0,Austria,38756.01,-0.4,0.25,0,2.2
AT,2018,3.764069,653831952.295016,1.60493944886364,1.47833333333333,5.62166666666667,0,Austria,40311.43,-0.4,0.25,0,2.1
AT,2019,3.058318,675731467.059934,1.57486975,1.40166666666667,5.62833333333333,0,Austria,41271.28,-0.42876712300000003,0.25,0,1.5
AT,2020,3.12909,763176691.720215,1.46554150852273,1.37,5.27666666666667,0,Austria,39423.98,-0.5,0.25,0,1.4
AT,2021,2.386105,759513408.917881,1.38848152840909,1.33916666666667,5.21666666666667,0,Austria,42235.17,-0.5,0.25,0,2.8
AT,2022,2.955108,748570854.339788,1.58898773011364,1.98833333333333,5.77583333333333,0.578767123287669,Austria,46405.57,0.078767123,0.828767123,0.578767123,8.6
AT,2023,3.472473,773990665.669715,2.82304717613636,4.66416666666667,7.56916666666667,3.80753424657534,Austria,47802.94,3.307534247,4.057534247,3.807534247,7.7
BE,2005,7.102542,854952706.238305,1.96756076470588,3.35916666666667,6.99166666666667,2.01780821917808,Belgium,28232.93,1.017808219,3.017808219,2.017808219,2.5
BE,2006,5.180661,1101032843.08457,1.91306070588235,4.07083333333333,6.96666666666667,2.76027397260274,Belgium,29071.31,1.760273973,3.760273973,2.760273973,2.3
BE,2007,4.509798,1408665589.82625,1.72052941176471,5.09083333333333,7.58,3.83904109589041,Belgium,30101.57,2.839041096,4.839041096,3.839041096,1.8
BE,2008,6.269334,1384235601.47502,1.80497635294118,5.4075,7.98,3.90027322404372,Belgium,30466.76,3.005464481,4.775956284,3.900273224,4.5
BE,2009,10.878461,1361714006.03563,1.76292688235294,2.89166666666667,7.25416666666667,1.27876712328767,Belgium,30049.31,0.465753425,2.091780822,1.278767123,0
BE,2010,13.382284,1254852123.76342,1.77337117647059,2.555,6.775,1,Belgium,31528.14,0.25,1.75,1,2.3
BE,2011,14.591769,996680965.168455,1.69902517647059,3.1875,7.0241666666666696,1.24931506849315,Belgium,32111.88,0.499315068,1.999315068,1.249315068,3.4
BE,2012,17.339203,979368435.958655,1.70992770588235,2.87666666666667,6.88916666666667,0.881147540983607,Belgium,32805.32,0.131147541,1.631147541,0.881147541,2.6
BE,2013,24.105686,992965594.860029,1.76336623529412,2.65666666666667,6.725,0.553424657534246,Belgium,33058.09,0,1.140410959,0.553424658,1.2
BE,2014,21.808269,925078989.599059,1.75837882352941,2.48666666666667,6.53916666666667,0.163150684931507,Belgium,33867.31,-0.086849315,0.523424658,0.163150685,0.5
BE,2015,19.324611,851393824.429739,1.560413,1.97166666666667,6.05166666666667,0.05,Belgium,34707.15,-0.20630137,0.3,0.05,0.6
BE,2016,16.305172,841136248.106882,1.49985476470588,1.70333333333333,5.80666666666667,0.0102459016393442,Belgium,35237.82,-0.379508197,0.260245902,0.010245902,1.8
BE,2017,13.387975,955861406.123278,1.37707635294118,1.5775,5.6175,0,Belgium,36145.74,-0.4,0.25,0,2.2
BE,2018,11.277428,872528752.517702,1.39476905882353,1.47833333333333,5.62166666666667,0,Belgium,37331.55,-0.4,0.25,0,2.3
BE,2019,8.914761,894976897.766715,1.28396688235294,1.40166666666667,5.62833333333333,0,Belgium,38770.69,-0.42876712300000003,0.25,0,1.2
BE,2020,8.637252,979567525.570201,1.27034717647059,1.37,5.27666666666667,0,Belgium,37804.9,-0.5,0.25,0,0.4
BE,2021,7.020316,949361884.896054,1.20912076470588,1.33916666666667,5.21666666666667,0,Belgium,40672.95,-0.5,0.25,0,3.2
BE,2022,6.85458,968005945.51356,1.27650994117647,1.98833333333333,5.77583333333333,0.578767123287669,Belgium,44769.72,0.078767123,0.828767123,0.578767123,10.3
BE,2023,6.369209,1025463250.84031,1.47829023529412,4.66416666666667,7.56916666666667,3.80753424657534,Belgium,46864.13,3.307534247,4.057534247,3.807534247,2.3
CY,2005,9.3,15272544.0806664,2.431105,3.35916666666667,6.99166666666667,2.01780821917808,Cyprus,23970.97,1.017808219,3.017808219,2.017808219,2
CY,2006,7.097216,20164827.9415344,2.759187,4.07083333333333,6.96666666666667,2.76027397260274,Cyprus,25155.98,1.760273973,3.760273973,2.760273973,2.2
CY,2007,3.829139,28690669.0763978,2.62813,5.09083333333333,7.58,3.83904109589041,Cyprus,27025.06,2.839041096,4.839041096,3.839041096,2.2
CY,2008,3.115443,34949199.3292999,2.398294,5.4075,7.98,3.90027322404372,Cyprus,28011.38,3.005464481,4.775956284,3.900273224,4.4
CY,2009,4.322525,38187504.4248505,2.336542,2.89166666666667,7.25416666666667,1.27876712328767,Cyprus,26874.92,0.465753425,2.091780822,1.278767123,0.2
CY,2010,5.604194,38617447.9787886,2.719695,2.555,6.775,1,Cyprus,26512.66,0.25,1.75,1,2.6
CY,2011,8.005911,37358032.8157128,3.459615,3.1875,7.0241666666666696,1.24931506849315,Cyprus,26009.09,0.499315068,1.999315068,1.249315068,3.5
CY,2012,17.454526,37009943.1662945,2.507092,2.87666666666667,6.88916666666667,0.881147540983607,Cyprus,24695.28,0.131147541,1.631147541,0.881147541,3.1
CY,2013,32.830811,34257681.6257515,3.325047,2.65666666666667,6.725,0.553424657534246,Cyprus,22964.32,0,1.140410959,0.553424658,0.4
CY,2014,41.079196,26292770.1894038,4.344048,2.48666666666667,6.53916666666667,0.163150684931507,Cyprus,22425.08,-0.086849315,0.523424658,0.163150685,-0.3
CY,2015,42.556069,23281918.9153916,4.328081,1.97166666666667,6.05166666666667,0.05,Cyprus,23639.65,-0.20630137,0.3,0.05,-1.5
CY,2016,34.282973,21219124.2779088,3.950871,1.70333333333333,5.80666666666667,0.0102459016393442,Cyprus,25652.92,-0.379508197,0.260245902,0.010245902,-1.2
CY,2017,27.76436,21690807.9324269,3.2429,1.5775,5.6175,0,Cyprus,27163.85,-0.4,0.25,0,0.7
CY,2018,35.644501,14685707.55522,3.557698,1.47833333333333,5.62166666666667,0,Cyprus,28647.8,-0.4,0.25,0,0.8
CY,2019,28.761273,13904813.1618594,2.86545,1.40166666666667,5.62833333333333,0,Cyprus,30349.63,-0.42876712300000003,0.25,0,0.5
CY,2020,15.608135,13118260.8849907,2.751509,1.37,5.27666666666667,0,Cyprus,28676.78,-0.5,0.25,0,-1.1
CY,2021,7.139214,11464636.7500806,2.457871,1.33916666666667,5.21666666666667,0,Cyprus,31932.41,-0.5,0.25,0,2.3
CY,2022,4.77783,10815408.4052968,2.92808,1.98833333333333,5.77583333333333,0.578767123287669,Cyprus,35701.97,0.078767123,0.828767123,0.578767123,8.1
CY,2023,4.255442,11052855.8603859,5.597187,4.66416666666667,7.56916666666667,3.80753424657534,Cyprus,37559.81,3.307534247,4.057534247,3.807534247,3.9
DE,2005,9.956144,3986151222.19706,2.23840579406308,3.35916666666667,6.99166666666667,2.01780821917808,Germany,27880.17,1.017808219,3.017808219,2.017808219,1.9
DE,2006,8.051216,4439590235.98288,2.18977171057514,4.07083333333333,6.96666666666667,2.76027397260274,Germany,29075.64,1.760273973,3.760273973,2.760273973,1.8
DE,2007,6.977187,5284200494.93391,1.90322595732839,5.09083333333333,7.58,3.83904109589041,Germany,30671.51,2.839041096,4.839041096,3.839041096,2.3
DE,2008,8.925266,5365281443.45612,4.98522605009277,5.4075,7.98,3.90027322404372,Germany,31432.68,3.005464481,4.775956284,3.900273224,2.8
DE,2009,11.802228,5493606906.6515,1.89605230426716,2.89166666666667,7.25416666666667,1.27876712328767,Germany,30311.71,0.465753425,2.091780822,1.278767123,0.2
DE,2010,9.184531,5394050903.00023,2.10671811688312,2.555,6.775,1,Germany,32022.62,0.25,1.75,1,1.1
DE,2011,7.987819,5234081740.19824,2.10258268460111,3.1875,7.0241666666666696,1.24931506849315,Germany,33788.83,0.499315068,1.999315068,1.249315068,2.5
DE,2012,8.804794,5399349596.03904,1.95902701669759,2.87666666666667,6.88916666666667,0.881147540983607,Germany,34153.36,0.131147541,1.631147541,0.881147541,2.2
DE,2013,8.416311,5546895321.4834,1.97745857884972,2.65666666666667,6.725,0.553424657534246,Germany,34584.06,0,1.140410959,0.553424658,1.6
DE,2014,7.163226,5004179403.51478,1.94150447680891,2.48666666666667,6.53916666666667,0.163150684931507,Germany,35961.1,-0.086849315,0.523424658,0.163150685,0.8
DE,2015,5.713181,4675055919.85388,1.65940710946197,1.97166666666667,6.05166666666667,0.05,Germany,36570.18,-0.20630137,0.3,0.05,0.7
DE,2016,3.6804,4724506512.84393,1.66558968089054,1.70333333333333,5.80666666666667,0.0102459016393442,Germany,37533.93,-0.379508197,0.260245902,0.010245902,0.4
DE,2017,2.327876,5512788429.85189,1.70399438033395,1.5775,5.6175,0,Germany,38917.78,-0.4,0.25,0,1.7
DE,2018,3.86378,5388461736.2858,1.78798260111317,1.47833333333333,5.62166666666667,0,Germany,40039.99,-0.4,0.25,0,1.9
DE,2019,3.966508,5635934263.46809,1.4282630890538,1.40166666666667,5.62833333333333,0,Germany,40519.57,-0.42876712300000003,0.25,0,1.4
DE,2020,4.126491,6392564642.64806,1.35519908719852,1.37,5.27666666666667,0,Germany,39533.77,-0.5,0.25,0,0.4
DE,2021,4.529419,6202630146.47443,1.26763579777365,1.33916666666667,5.21666666666667,0,Germany,41921.22,-0.5,0.25,0,3.2
DE,2022,4.295128,6204528871.90282,1.20653408163265,1.98833333333333,5.77583333333333,0.578767123287669,Germany,44396.51,0.078767123,0.828767123,0.578767123,8.7
DE,2023,4.948544,6436271985.32002,2.01845234879406,4.66416666666667,7.56916666666667,3.80753424657534,Germany,46248.93,3.307534247,4.057534247,3.807534247,6
EE,2005,0.880568,14221625.4237592,3.42336625,3.35916666666667,6.99166666666667,2.01780821917808,Estonia,14115.21,1.017808219,3.017808219,2.017808219,4.1
EE,2006,0.550046,24684028.62949,3.85218025,4.07083333333333,6.96666666666667,2.76027397260274,Estonia,15907.03,1.760273973,3.760273973,2.760273973,4.4
EE,2007,1.064551,36502559.3406091,6.535767,5.09083333333333,7.58,3.83904109589041,Estonia,18130.5,2.839041096,4.839041096,3.839041096,6.7
EE,2008,5.016243,34524452.4293765,9.16362775,5.4075,7.98,3.90027322404372,Estonia,18321.26,3.005464481,4.775956284,3.900273224,10.6
EE,2009,18.965516,31761381.5981525,1.9261455,2.89166666666667,7.25416666666667,1.27876712328767,Estonia,16227.96,0.465753425,2.091780822,1.278767123,0.2
EE,2010,19.335675,26454065.6489346,2.146622,2.555,6.775,1,Estonia,17081.53,0.25,1.75,1,2.7
EE,2011,9.09006,12756486.5941925,2.999607,3.1875,7.0241666666666696,1.24931506849315,Estonia,19161.04,0.499315068,1.999315068,1.249315068,5.1
EE,2012,5.646329,13107774.1031637,2.896403,2.87666666666667,6.88916666666667,0.881147540983607,Estonia,20225.86,0.131147541,1.631147541,0.881147541,4.2
EE,2013,3.272038,14437016.9640048,3.5452665,2.65666666666667,6.725,0.553424657534246,Estonia,20939.93,0,1.140410959,0.553424658,3.2
EE,2014,2.964433,13204524.1230497,4.1258545,2.48666666666667,6.53916666666667,0.163150684931507,Estonia,22036.1,-0.086849315,0.523424658,0.163150685,0.5
EE,2015,2.539871,12491698.4389118,3.52476475,1.97166666666667,6.05166666666667,0.05,Estonia,22419.17,-0.20630137,0.3,0.05,0.1
EE,2016,2.150473,12994916.182826,3.503201,1.70333333333333,5.80666666666667,0.0102459016393442,Estonia,23250.65,-0.379508197,0.260245902,0.010245902,0.8
EE,2017,1.678197,16234028.4515777,3.2997685,1.5775,5.6175,0,Estonia,24851.95,-0.4,0.25,0,3.7
EE,2018,1.799934,16988801.7907636,3.173924,1.47833333333333,5.62166666666667,0,Estonia,26469.6,-0.4,0.25,0,3.4
EE,2019,1.351186,19558476.8314166,2.508106,1.40166666666667,5.62833333333333,0,Estonia,27789.79,-0.42876712300000003,0.25,0,2.3
EE,2020,1.165174,23237778.2234085,2.49281675,1.37,5.27666666666667,0,Estonia,27411.78,-0.5,0.25,0,-0.6
EE,2021,1.02709,23346991.2173581,2.80071175,1.33916666666667,5.21666666666667,0,Estonia,29685.98,-0.5,0.25,0,4.5
EE,2022,1.0263,24214880.189991,2.9792445,1.98833333333333,5.77583333333333,0.578767123287669,Estonia,31800.65,0.078767123,0.828767123,0.578767123,19.4
EE,2023,0.79494,26795140.4503298,5.40266425,4.66416666666667,7.56916666666667,3.80753424657534,Estonia,31834.63,3.307534247,4.057534247,3.807534247,9.1
ES,2005,21.82126,971950536.575157,1.38285854545455,3.35916666666667,6.99166666666667,2.01780821917808,Spain,23506.42,1.017808219,3.017808219,2.017808219,NA
ES,2006,16.37962,1305960507.33445,1.41589127272727,4.07083333333333,6.96666666666667,2.76027397260274,Spain,25379.19,1.760273973,3.760273973,2.760273973,NA
ES,2007,11.650557,1670999536.34795,1.627491,5.09083333333333,7.58,3.83904109589041,Spain,26609.86,2.839041096,4.839041096,3.839041096,NA
ES,2008,16.350827,1721627381.57458,2.15904554545455,5.4075,7.98,3.90027322404372,Spain,26803.99,3.005464481,4.775956284,3.900273224,NA
ES,2009,22.978586,1847636669.19007,2.30893718181818,2.89166666666667,7.25416666666667,1.27876712328767,Spain,25538.11,0.465753425,2.091780822,1.278767123,NA
ES,2010,25.121547,1871852563.82845,1.65980481818182,2.555,6.775,1,Spain,25177.12,0.25,1.75,1,NA
ES,2011,22.477014,1869694533.17343,1.586178,3.1875,7.0241666666666696,1.24931506849315,Spain,24929.88,0.499315068,1.999315068,1.249315068,NA
ES,2012,24.596888,1955452887.36089,1.93095463636364,2.87666666666667,6.88916666666667,0.881147540983607,Spain,24621.95,0.131147541,1.631147541,0.881147541,NA
ES,2013,32.449855,1888989149.12452,1.73804836363636,2.65666666666667,6.725,0.553424657534246,Spain,24591.48,0,1.140410959,0.553424658,NA
ES,2014,33.793982,1744794532.69925,1.93646345454545,2.48666666666667,6.53916666666667,0.163150684931507,Spain,25340.89,-0.086849315,0.523424658,0.163150685,NA
ES,2015,31.461802,1731872957.90863,1.70440727272727,1.97166666666667,6.05166666666667,0.05,Spain,26560.28,-0.20630137,0.3,0.05,NA
ES,2016,29.838961,1681612331.57916,1.64225009090909,1.70333333333333,5.80666666666667,0.0102459016393442,Spain,27394.01,-0.379508197,0.260245902,0.010245902,NA
ES,2017,25.237843,1702590162.64344,0.0383309090909089,1.5775,5.6175,0,Spain,28681.03,-0.4,0.25,0,NA
ES,2018,19.612903,1676574824.73155,1.01285427272727,1.47833333333333,5.62166666666667,0,Spain,29225.1,-0.4,0.25,0,NA
ES,2019,16.630842,1728219321.39934,1.107123,1.40166666666667,5.62833333333333,0,Spain,30128.89,-0.42876712300000003,0.25,0,NA
ES,2020,16.273229,1770219208.13596,1.22349618181818,1.37,5.27666666666667,0,Spain,26501.34,-0.5,0.25,0,NA
ES,2021,15.871846,1704765243.4072,1.2626544545454499,1.33916666666667,5.21666666666667,0,Spain,29727.57,-0.5,0.25,0,NA
ES,2022,14.042566,1722622649.47632,1.43847727272727,1.98833333333333,5.77583333333333,0.578767123287669,Spain,33153.3,0.078767123,0.828767123,0.578767123,NA
ES,2023,15.36735,1821182860.65449,2.01278218181818,4.66416666666667,7.56916666666667,3.80753424657534,Spain,36073.84,3.307534247,4.057534247,3.807534247,NA
FR,2005,742.550033,3575809478.38029,8.4190898882353,3.35916666666667,6.99166666666667,2.01780821917808,France,25984.73,1.017808219,3.017808219,2.017808219,1.9
FR,2006,711.659484,4634572783.88262,-3152.42940373529,4.07083333333333,6.96666666666667,2.76027397260274,France,26835.63,1.760273973,3.760273973,2.760273973,1.9
FR,2007,629.339858,6110328405.03864,7.75063583529412,5.09083333333333,7.58,3.83904109589041,France,27972.65,2.839041096,4.839041096,3.839041096,1.6
FR,2008,606.87138,6519038755.2396,5.14366707058823,5.4075,7.98,3.90027322404372,France,28302.63,3.005464481,4.775956284,3.900273224,3.2
FR,2009,719.197226,7000434477.55078,4.56639062941176,2.89166666666667,7.25416666666667,1.27876712328767,France,27609.48,0.465753425,2.091780822,1.278767123,0.1
FR,2010,749.187422,6829556270.2478,3.91058297058824,2.555,6.775,1,France,28538.31,0.25,1.75,1,1.7
FR,2011,801.63724,6690509056.03816,7.35732028235294,3.1875,7.0241666666666696,1.24931506849315,France,29332.78,0.499315068,1.999315068,1.249315068,2.3
FR,2012,820.854845,6629221929.57552,6.65515107058823,2.87666666666667,6.88916666666667,0.881147540983607,France,29220.74,0.131147541,1.631147541,0.881147541,2.2
FR,2013,763.286407,6812681385.87264,-7.36158069411765,2.65666666666667,6.725,0.553424657534246,France,29974.67,0,1.140410959,0.553424658,1
FR,2014,779.788001,6182905452.86181,-4969.33120461177,2.48666666666667,6.53916666666667,0.163150684931507,France,30302.74,-0.086849315,0.523424658,0.163150685,0.6
FR,2015,768.357061,5765208581.28224,12.1791399294118,1.97166666666667,6.05166666666667,0.05,France,30923.63,-0.20630137,0.3,0.05,0.1
FR,2016,743.501778,5910592771.66205,-44932.2079394824,1.70333333333333,5.80666666666667,0.0102459016393442,France,31285.17,-0.379508197,0.260245902,0.010245902,0.3
FR,2017,710.799398,7081075707.93022,-25033.1138066529,1.5775,5.6175,0,France,32025.75,-0.4,0.25,0,1.2
FR,2018,669.939516,6807262595.81326,-6101.2888691647,1.47833333333333,5.62166666666667,0,France,33012.94,-0.4,0.25,0,2.1
FR,2019,639.982713,7060975321.38456,-39084.1277717588,1.40166666666667,5.62833333333333,0,France,34947.35,-0.42876712300000003,0.25,0,1.3
FR,2020,594.054107,8308202124.37128,-9871.01314298823,1.37,5.27666666666667,0,France,33320.77,-0.5,0.25,0,0.5
FR,2021,589.474474,8137551633.09022,-7331.59466741765,1.33916666666667,5.21666666666667,0,France,35193.64,-0.5,0.25,0,2.1
FR,2022,589.39426,8075439370.60251,-11815.3404750765,1.98833333333333,5.77583333333333,0.578767123287669,France,36895.61,0.078767123,0.828767123,0.578767123,5.9
FR,2023,589.5767,8509044368.96731,-80279.1827276529,4.66416666666667,7.56916666666667,3.80753424657534,France,39549.87,3.307534247,4.057534247,3.807534247,5.7
HR,2005,25.159789,18665234.5034503,3.9553945,3.35916666666667,6.99166666666667,2.01780821917808,NA,NA,1.017808219,3.017808219,2.017808219,3
HR,2006,15.025372,25711287.1267067,3.56196816666667,4.07083333333333,6.96666666666667,2.76027397260274,NA,NA,1.760273973,3.760273973,2.760273973,3.3
HR,2007,13.354211,33836404.6680214,3.45427333333333,5.09083333333333,7.58,3.83904109589041,NA,NA,2.839041096,4.839041096,3.839041096,2.7
HR,2008,15.626624,37790227.0666729,3.60056816666667,5.4075,7.98,3.90027322404372,NA,NA,3.005464481,4.775956284,3.900273224,5.8
HR,2009,31.760703,39633072.6756146,3.48553383333333,2.89166666666667,7.25416666666667,1.27876712328767,NA,NA,0.465753425,2.091780822,1.278767123,2.2
HR,2010,40.409946,38878278.2869096,3.68064983333333,2.555,6.775,1,NA,NA,0.25,1.75,1,1.1
HR,2011,45.194295,40569649.4425807,3.95072416666667,3.1875,7.0241666666666696,1.24931506849315,NA,NA,0.499315068,1.999315068,1.249315068,2.2
HR,2012,50.66783,41266262.706775,3.76425,2.87666666666667,6.88916666666667,0.881147540983607,NA,NA,0.131147541,1.631147541,0.881147541,3.4
HR,2013,55.715212,43772658.0445072,3.63960566666667,2.65666666666667,6.725,0.553424657534246,NA,NA,0,1.140410959,0.553424658,2.3
HR,2014,61.935191,38970305.7262625,3.62008,2.48666666666667,6.53916666666667,0.163150684931507,NA,NA,-0.086849315,0.523424658,0.163150685,0.2
HR,2015,62.484482,35227688.08063,3.7468525,1.97166666666667,6.05166666666667,0.05,NA,NA,-0.20630137,0.3,0.05,-0.3
HR,2016,48.73835,35161411.9910063,3.6550155,1.70333333333333,5.80666666666667,0.0102459016393442,NA,NA,-0.379508197,0.260245902,0.010245902,-0.6
HR,2017,42.931627,39126683.4597784,3.73244083333333,1.5775,5.6175,0,NA,NA,-0.4,0.25,0,1.3
HR,2018,38.243529,41248202.154011,3.05655516666667,1.47833333333333,5.62166666666667,0,NA,NA,-0.4,0.25,0,1.6
HR,2019,27.601306,41646473.8017984,3.17282583333333,1.40166666666667,5.62833333333333,0,NA,NA,-0.42876712300000003,0.25,0,0.8
HR,2020,29.987513,47581025.3815437,2.88954833333333,1.37,5.27666666666667,0,NA,NA,-0.5,0.25,0,0
HR,2021,26.832533,45198258.9702211,2.68915866666667,1.33916666666667,5.21666666666667,0,NA,NA,-0.5,0.25,0,2.7
HR,2022,17.370583,47388113.9867515,2.53987,1.98833333333333,5.77583333333333,0.578767123287669,NA,NA,0.078767123,0.828767123,0.578767123,10.7
HR,2023,14.998342,53824268.07067,3.86230183333333,4.66416666666667,7.56916666666667,3.80753424657534,NA,NA,3.307534247,4.057534247,3.807534247,8.4
IE,2005,3.638446,394054372.597206,1.35245755555556,3.35916666666667,6.99166666666667,2.01780821917808,Ireland,34434.12,1.017808219,3.017808219,2.017808219,2.2
IE,2006,2.856803,562229894.298949,1.40103333333333,4.07083333333333,6.96666666666667,2.76027397260274,Ireland,36502.1,1.760273973,3.760273973,2.760273973,2.7
IE,2007,2.749977,733487161.254903,1.50403011111111,5.09083333333333,7.58,3.83904109589041,Ireland,38258.24,2.839041096,4.839041096,3.839041096,2.9
IE,2008,12.970687,654861355.218673,1.75550577777778,5.4075,7.98,3.90027322404372,Ireland,35470.9,3.005464481,4.775956284,3.900273224,3.1
IE,2009,33.092588,622274234.695095,1.48215422222222,2.89166666666667,7.25416666666667,1.27876712328767,Ireland,32864.34,0.465753425,2.091780822,1.278767123,-1.7
IE,2010,40.790179,549324569.0646,1.31899444444444,2.555,6.775,1,Ireland,34199.88,0.25,1.75,1,-1.6
IE,2011,68.958892,498741117.544528,1.17256077777778,3.1875,7.0241666666666696,1.24931506849315,Ireland,35457.06,0.499315068,1.999315068,1.249315068,1.2
IE,2012,88.865307,478693493.013171,1.10356266666667,2.87666666666667,6.88916666666667,0.881147540983607,Ireland,36097.68,0.131147541,1.631147541,0.881147541,1.9
IE,2013,94.623604,472438147.399963,1.53893866666667,2.65666666666667,6.725,0.553424657534246,Ireland,36837.37,0,1.140410959,0.553424658,0.5
IE,2014,86.038161,393862605.76864,1.66230955555556,2.48666666666667,6.53916666666667,0.163150684931507,Ireland,39533.12,-0.086849315,0.523424658,0.163150685,0.3
IE,2015,64.362178,341023151.970397,1.82706566666667,1.97166666666667,6.05166666666667,0.05,Ireland,54000.01,-0.20630137,0.3,0.05,0
IE,2016,56.526548,302163438.981513,1.962496,1.70333333333333,5.80666666666667,0.0102459016393442,Ireland,53255.64,-0.379508197,0.260245902,0.010245902,-0.2
IE,2017,45.931773,330639766.147187,1.90919822222222,1.5775,5.6175,0,Ireland,57938.89,-0.4,0.25,0,0.3
IE,2018,30.814147,308489612.472176,1.97622,1.47833333333333,5.62166666666667,0,Ireland,61500.24,-0.4,0.25,0,0.7
IE,2019,19.670038,307363588.916996,1.88387255555556,1.40166666666667,5.62833333333333,0,Ireland,63023.71,-0.42876712300000003,0.25,0,0.9
IE,2020,26.081017,326283609.628112,1.88625633333333,1.37,5.27666666666667,0,Ireland,65952.6,-0.5,0.25,0,-0.5
IE,2021,21.528892,297590536.955932,1.91890988888889,1.33916666666667,5.21666666666667,0,Ireland,78662.17,-0.5,0.25,0,2.4
IE,2022,13.648327,278624314.464915,2.01056922222222,1.98833333333333,5.77583333333333,0.578767123287669,Ireland,89625.05,0.078767123,0.828767123,0.578767123,8.1
IE,2023,12.480445,315111174.714083,2.59309522222222,4.66416666666667,7.56916666666667,3.80753424657534,Ireland,84893.54,3.307534247,4.057534247,3.807534247,5.2
IT,2005,244.289281,1023323236.32754,0.691425927272727,3.35916666666667,6.99166666666667,2.01780821917808,Italy,25645.87,1.017808219,3.017808219,2.017808219,2.2
IT,2006,192.385245,1292567968.66438,2.24542567272727,4.07083333333333,6.96666666666667,2.76027397260274,Italy,26764.25,1.760273973,3.760273973,2.760273973,2.2
IT,2007,188.167721,1871016481.14098,2.37315916363636,5.09083333333333,7.58,3.83904109589041,Italy,27900.74,2.839041096,4.839041096,3.839041096,2
IT,2008,122.493744,2043625572.14242,2.19708041818182,5.4075,7.98,3.90027322404372,Italy,28487.63,3.005464481,4.775956284,3.900273224,3.5
IT,2009,138.176616,2022006730.56276,1.97423952727273,2.89166666666667,7.25416666666667,1.27876712328767,Italy,27350.79,0.465753425,2.091780822,1.278767123,0.8
IT,2010,155.399759,2074780404.18396,1.82051656363636,2.555,6.775,1,Italy,27677.6,0.25,1.75,1,1.6
IT,2011,185.111229,2040824288.79816,1.81582847272727,3.1875,7.0241666666666696,1.24931506849315,Italy,28334.2,0.499315068,1.999315068,1.249315068,2.9
IT,2012,257.409646,2045600687.19235,1.81282027272727,2.87666666666667,6.88916666666667,0.881147540983607,Italy,28015.89,0.131147541,1.631147541,0.881147541,3.3
IT,2013,318.089857,2014419535.5497,1.66721858181818,2.65666666666667,6.725,0.553424657534246,Italy,27477.48,0,1.140410959,0.553424658,1.2
IT,2014,335.184594,1786866901.68582,1.54871621818182,2.48666666666667,6.53916666666667,0.163150684931507,Italy,27504.83,-0.086849315,0.523424658,0.163150685,0.2
IT,2015,413.660071,1596858752.69242,1.4477246,1.97166666666667,6.05166666666667,0.05,Italy,28162.64,-0.20630137,0.3,0.05,0.1
IT,2016,432.418495,1541878068.21474,1.29398601818182,1.70333333333333,5.80666666666667,0.0102459016393442,Italy,29464.46,-0.379508197,0.260245902,0.010245902,-0.1
IT,2017,379.688609,1845182097.24574,-0.3435358,1.5775,5.6175,0,Italy,30310.08,-0.4,0.25,0,1.3
IT,2018,229.006179,1865520332.5395,-0.469037927272727,1.47833333333333,5.62166666666667,0,Italy,31010.83,-0.4,0.25,0,1.2
IT,2019,176.292395,1871050447.62501,-0.533500327272727,1.40166666666667,5.62833333333333,0,Italy,31899.75,-0.42876712300000003,0.25,0,0.6
IT,2020,110.27709,2239588624.29838,-0.156064254545455,1.37,5.27666666666667,0,Italy,29934.02,-0.5,0.25,0,-0.1
IT,2021,86.423628,2098388118.25936,0.036525618181818,1.33916666666667,5.21666666666667,0,Italy,33403.48,-0.5,0.25,0,1.9
IT,2022,83.539543,1993676127.38013,0.0532462909090906,1.98833333333333,5.77583333333333,0.578767123287669,Italy,36946.15,0.078767123,0.828767123,0.578767123,8.7
IT,2023,63.251384,2026276837.55896,0.604914436363636,4.66416666666667,7.56916666666667,3.80753424657534,Italy,39268.49,3.307534247,4.057534247,3.807534247,5.9
MT,2005,9.656692,5286291.43731143,3.309412,3.35916666666667,6.99166666666667,2.01780821917808,Malta,18883.26,1.017808219,3.017808219,2.017808219,2.5
MT,2006,7.395778,6519895.06076389,3.14733,4.07083333333333,6.96666666666667,2.76027397260274,Malta,19146.44,1.760273973,3.760273973,2.760273973,2.6
MT,2007,4.824104,8025654.50694011,3.2524385,5.09083333333333,7.58,3.83904109589041,Malta,20454.89,2.839041096,4.839041096,3.839041096,0.7
MT,2008,3.969031,8814628.02721811,2.7668595,5.4075,7.98,3.90027322404372,Malta,21428.94,3.005464481,4.775956284,3.900273224,4.7
MT,2009,3.864106,9550302.21629286,2.426325,2.89166666666667,7.25416666666667,1.27876712328767,Malta,21224.23,0.465753425,2.091780822,1.278767123,1.8
MT,2010,5.158867,9458341.91883302,2.548423,2.555,6.775,1,Malta,22874.63,0.25,1.75,1,2
MT,2011,5.083995,9439652.60805488,2.6293085,3.1875,7.0241666666666696,1.24931506849315,Malta,22904.12,0.499315068,1.999315068,1.249315068,2.5
MT,2012,4.42087,9480725.30463731,2.6629075,2.87666666666667,6.88916666666667,0.881147540983607,Malta,23734.03,0.131147541,1.631147541,0.881147541,3.2
MT,2013,4.508798,9786924.66025316,2.439675,2.65666666666667,6.725,0.553424657534246,Malta,24949.62,0,1.140410959,0.553424658,1
MT,2014,6.868193,9216560.36425567,2.009621,2.48666666666667,6.53916666666667,0.163150684931507,Malta,26383.97,-0.086849315,0.523424658,0.163150685,0.8
MT,2015,6.594791,8333652.17608297,2.0704175,1.97166666666667,6.05166666666667,0.05,Malta,28892.4,-0.20630137,0.3,0.05,1.2
MT,2016,4.932481,8350755.56314802,2.048427,1.70333333333333,5.80666666666667,0.0102459016393442,Malta,29835.88,-0.379508197,0.260245902,0.010245902,0.9
MT,2017,4.149119,9162983.34916425,2.067512,1.5775,5.6175,0,Malta,32895.08,-0.4,0.25,0,1.3
MT,2018,5.288572,8885589.19750405,1.981319,1.47833333333333,5.62166666666667,0,Malta,34246.79,-0.4,0.25,0,1.7
MT,2019,4.643559,8973548.39802849,2.036245,1.40166666666667,5.62833333333333,0,Malta,35088.61,-0.42876712300000003,0.25,0,1.5
MT,2020,4.717884,10256557.3339796,1.968922,1.37,5.27666666666667,0,Malta,33683.53,-0.5,0.25,0,0.8
MT,2021,4.135583,9764135.92464924,1.8948535,1.33916666666667,5.21666666666667,0,Malta,38081.37,-0.5,0.25,0,0.7
MT,2022,3.539761,9593656.02247894,2.0524795,1.98833333333333,5.77583333333333,0.578767123287669,Malta,39666.27,0.078767123,0.828767123,0.578767123,6.1
MT,2023,3.062001,10401105.5728884,3.4094435,4.66416666666667,7.56916666666667,3.80753424657534,Malta,42718.8,3.307534247,4.057534247,3.807534247,5.6
NL,2005,8.538664,1769702998.38348,2.12725211111111,3.35916666666667,6.99166666666667,2.01780821917808,Netherlands,32147.3,1.017808219,3.017808219,2.017808219,1.5
NL,2006,5.394136,2179463999.21236,2.07360027777778,4.07083333333333,6.96666666666667,2.76027397260274,Netherlands,33984,1.760273973,3.760273973,2.760273973,1.6
NL,2007,2.621331,2750901236.68105,1.87186427777778,5.09083333333333,7.58,3.83904109589041,Netherlands,36158.73,2.839041096,4.839041096,3.839041096,1.6
NL,2008,1.237942,2795654650.51183,1.93847661111111,5.4075,7.98,3.90027322404372,Netherlands,37568.2,3.005464481,4.775956284,3.900273224,2.2
NL,2009,0.778763,2718452047.9639,1.68048427777778,2.89166666666667,7.25416666666667,1.27876712328767,Netherlands,35641.83,0.465753425,2.091780822,1.278767123,1
NL,2010,2.277581,2521074088.28471,1.74258094444444,2.555,6.775,1,Netherlands,35850.85,0.25,1.75,1,0.9
NL,2011,3.559402,2428347080.87878,1.79169283333333,3.1875,7.0241666666666696,1.24931506849315,Netherlands,36596.3,0.499315068,1.999315068,1.249315068,2.5
NL,2012,3.71066,2386326105.3622,1.85966611111111,2.87666666666667,6.88916666666667,0.881147540983607,Netherlands,36797.05,0.131147541,1.631147541,0.881147541,2.8
NL,2013,4.265252,2364548712.1572,1.7919455,2.65666666666667,6.725,0.553424657534246,Netherlands,37398.71,0,1.140410959,0.553424658,2.6
NL,2014,7.02152,2074427681.16888,1.86519311111111,2.48666666666667,6.53916666666667,0.163150684931507,Netherlands,37320.77,-0.086849315,0.523424658,0.163150685,0.3
NL,2015,7.10048,2068023157.72563,1.90464905555556,1.97166666666667,6.05166666666667,0.05,Netherlands,38386.82,-0.20630137,0.3,0.05,0.2
NL,2016,7.615614,1882138286.71094,1.89261122222222,1.70333333333333,5.80666666666667,0.0102459016393442,Netherlands,38693.77,-0.379508197,0.260245902,0.010245902,0.1
NL,2017,5.920365,2151497620.26143,1.99316461111111,1.5775,5.6175,0,Netherlands,40304.7,-0.4,0.25,0,1.3
NL,2018,5.65726,2106115868.24761,2.24648577777778,1.47833333333333,5.62166666666667,0,Netherlands,41850.78,-0.4,0.25,0,1.6
NL,2019,7.22678,2121109760.82339,2.15784488888889,1.40166666666667,5.62833333333333,0,Netherlands,42620.97,-0.42876712300000003,0.25,0,2.7
NL,2020,6.047277,2280916874.72841,2.07647122222222,1.37,5.27666666666667,0,Netherlands,42166.86,-0.5,0.25,0,1.1
NL,2021,7.17066,2171321798.93832,1.91394405555556,1.33916666666667,5.21666666666667,0,Netherlands,45972.7,-0.5,0.25,0,2.8
NL,2022,9.72342,2044101708.1553,2.72629477777778,1.98833333333333,5.77583333333333,0.578767123287669,Netherlands,50677.44,0.078767123,0.828767123,0.578767123,11.6
NL,2023,8.528225,2146200330.28457,3.33564938888889,4.66416666666667,7.56916666666667,3.80753424657534,Netherlands,53105.69,3.307534247,4.057534247,3.807534247,4.1
PT,2005,5.307062,50552973.6850141,2.05191566666667,3.35916666666667,6.99166666666667,2.01780821917808,Portugal,19338.1,1.017808219,3.017808219,2.017808219,2.1
PT,2006,3.360142,64591303.0957046,2.04381683333333,4.07083333333333,6.96666666666667,2.76027397260274,Portugal,20351.1,1.760273973,3.760273973,2.760273973,3
PT,2007,3.966336,78075563.8695855,2.46809,5.09083333333333,7.58,3.83904109589041,Portugal,21054.23,2.839041096,4.839041096,3.839041096,2.4
PT,2008,5.151887,78778458.1464969,2.4831165,5.4075,7.98,3.90027322404372,Portugal,21445.41,3.005464481,4.775956284,3.900273224,2.7
PT,2009,6.372193,83271393.2719301,2.26881783333333,2.89166666666667,7.25416666666667,1.27876712328767,Portugal,20985.29,0.465753425,2.091780822,1.278767123,-0.9
PT,2010,6.447139,76735451.7328808,2.3362505,2.555,6.775,1,Portugal,21598.17,0.25,1.75,1,1.4
PT,2011,7.994175,75263549.2261908,2.38866516666667,3.1875,7.0241666666666696,1.24931506849315,Portugal,20834.78,0.499315068,1.999315068,1.249315068,3.6
PT,2012,9.576114,73833320.6380861,2.2747025,2.87666666666667,6.88916666666667,0.881147540983607,Portugal,20412.41,0.131147541,1.631147541,0.881147541,2.8
PT,2013,12.163897,74797693.1668997,2.239163,2.65666666666667,6.725,0.553424657534246,Portugal,21043.04,0,1.140410959,0.553424658,0.4
PT,2014,17.901456,64717444.259504,2.3829915,2.48666666666667,6.53916666666667,0.163150684931507,Portugal,21539.27,-0.086849315,0.523424658,0.163150685,-0.2
PT,2015,27.94663,56121516.0686375,2.40278816666667,1.97166666666667,6.05166666666667,0.05,Portugal,22253.38,-0.20630137,0.3,0.05,0.5
PT,2016,44.218977,51742380.5957995,2.23354216666667,1.70333333333333,5.80666666666667,0.0102459016393442,Portugal,22922.71,-0.379508197,0.260245902,0.010245902,0.6
PT,2017,38.528838,54811953.0129452,2.02520016666667,1.5775,5.6175,0,Portugal,23622.36,-0.4,0.25,0,1.6
PT,2018,27.321101,52069530.9881627,2.04817133333333,1.47833333333333,5.62166666666667,0,Portugal,24708.01,-0.4,0.25,0,1.2
PT,2019,19.192301,50835577.9095869,2.034387,1.40166666666667,5.62833333333333,0,Portugal,25715.79,-0.42876712300000003,0.25,0,0.3
PT,2020,15.132698,57529435.0486941,1.66703116666667,1.37,5.27666666666667,0,Portugal,24024.2,-0.5,0.25,0,-0.1
PT,2021,12.883359,55633621.5787412,1.55034033333333,1.33916666666667,5.21666666666667,0,Portugal,25802.3,-0.5,0.25,0,0.9
PT,2022,8.924599,53962491.374644,1.65272016666667,1.98833333333333,5.77583333333333,0.578767123287669,Portugal,29170.94,0.078767123,0.828767123,0.578767123,8.1
PT,2023,6.550738,56140086.1199808,2.48481333333333,4.66416666666667,7.56916666666667,3.80753424657534,Portugal,32163.9,3.307534247,4.057534247,3.807534247,5.3
FI,2005,NA,4026487.70561707,1.78473933333333,3.35916666666667,6.99166666666667,2.01780821917808,Finland,27271.07,1.017808219,3.017808219,2.017808219,0.8
FI,2006,NA,4768920.17585493,1.839806,4.07083333333333,6.96666666666667,2.76027397260274,Finland,28402.47,1.760273973,3.760273973,2.760273973,1.3
FI,2007,NA,7473854.05581665,2.02238833333333,5.09083333333333,7.58,3.83904109589041,Finland,30956.36,2.839041096,4.839041096,3.839041096,1.6
FI,2008,NA,9253700.99642277,1.93936966666667,5.4075,7.98,3.90027322404372,Finland,32234.57,3.005464481,4.775956284,3.900273224,3.9
FI,2009,NA,12930373.917614,1.356945,2.89166666666667,7.25416666666667,1.27876712328767,Finland,30114.83,0.465753425,2.091780822,1.278767123,1.6
FI,2010,NA,13153191.6719531,1.31299066666667,2.555,6.775,1,Finland,30820.69,0.25,1.75,1,1.7
FI,2011,NA,16357400.9412292,1.33875333333333,3.1875,7.0241666666666696,1.24931506849315,Finland,31801.45,0.499315068,1.999315068,1.249315068,3.3
FI,2012,NA,19391358.3251972,1.11590233333333,2.87666666666667,6.88916666666667,0.881147540983607,Finland,31458.1,0.131147541,1.631147541,0.881147541,3.2
FI,2013,NA,20496949.0817302,0.934796666666667,2.65666666666667,6.725,0.553424657534246,Finland,31144.92,0,1.140410959,0.553424658,2.2
FI,2014,NA,21145937.9314897,0.873981,2.48666666666667,6.53916666666667,0.163150684931507,Finland,31160.82,-0.086849315,0.523424658,0.163150685,1.2
FI,2015,NA,20350603.0449773,0.884177666666667,1.97166666666667,6.05166666666667,0.05,Finland,31828.19,-0.20630137,0.3,0.05,-0.2
FI,2016,NA,20012032.7080178,0.818569333333333,1.70333333333333,5.80666666666667,0.0102459016393442,Finland,32433.95,-0.379508197,0.260245902,0.010245902,0.4
FI,2017,NA,22411336.3227289,0.736910666666667,1.5775,5.6175,0,Finland,33972.97,-0.4,0.25,0,0.8
FI,2018,NA,20604573.9227738,0.673373333333333,1.47833333333333,5.62166666666667,0,Finland,35037.55,-0.4,0.25,0,1.2
FI,2019,NA,20235535.3190473,0.617172666666667,1.40166666666667,5.62833333333333,0,Finland,35737.82,-0.42876712300000003,0.25,0,1.1
FI,2020,NA,21086319.7469079,0.633210666666667,1.37,5.27666666666667,0,Finland,35895.66,-0.5,0.25,0,0.4
FI,2021,NA,19212690.8952284,0.612752666666667,1.33916666666667,5.21666666666667,0,Finland,38069.5,-0.5,0.25,0,2.1
FI,2022,NA,16288564.4855422,0.675716666666667,1.98833333333333,5.77583333333333,0.578767123287669,Finland,40290.03,0.078767123,0.828767123,0.578767123,7.2
FI,2023,NA,15773851.1391106,1.05111,4.66416666666667,7.56916666666667,3.80753424657534,Finland,41833.71,3.307534247,4.057534247,3.807534247,4.3
GR,2005,NA,35897190.4154677,2.34728325,3.35916666666667,6.99166666666667,2.01780821917808,Greece,21276.98,1.017808219,3.017808219,2.017808219,3.5
GR,2006,NA,47366900.0530039,2.08738,4.07083333333333,6.96666666666667,2.76027397260274,Greece,23153.98,1.760273973,3.760273973,2.760273973,3.3
GR,2007,NA,68321529.2909276,2.03922025,5.09083333333333,7.58,3.83904109589041,Greece,23637.36,2.839041096,4.839041096,3.839041096,3
GR,2008,NA,77783505.3984672,0.1531815,5.4075,7.98,3.90027322404372,Greece,24481.42,3.005464481,4.775956284,3.900273224,4.2
GR,2009,NA,82877966.0684693,-0.96473875,2.89166666666667,7.25416666666667,1.27876712328767,Greece,23753.12,0.465753425,2.091780822,1.278767123,1.3
GR,2010,NA,74658321.889996,-3.54603,2.555,6.775,1,Greece,22030.71,0.25,1.75,1,4.7
GR,2011,NA,69679857.8919377,-12.91137375,3.1875,7.0241666666666696,1.24931506849315,Greece,20003.47,0.499315068,1.999315068,1.249315068,3.1
GR,2012,NA,64885825.5927367,-36.24368375,2.87666666666667,6.88916666666667,0.881147540983607,Greece,18982.66,0.131147541,1.631147541,0.881147541,1
GR,2013,NA,91778363.4795255,-51.98153175,2.65666666666667,6.725,0.553424657534246,Greece,19392.06,0,1.140410959,0.553424658,-0.9
GR,2014,NA,80241859.6666691,-106.9780455,2.48666666666667,6.53916666666667,0.163150684931507,Greece,19841.66,-0.086849315,0.523424658,0.163150685,-1.4
GR,2015,NA,71805697.5171186,-85.44315075,1.97166666666667,6.05166666666667,0.05,Greece,20044.18,-0.20630137,0.3,0.05,-1.1
GR,2016,NA,67809406.6996422,-114.64110125,1.70333333333333,5.80666666666667,0.0102459016393442,Greece,20018.67,-0.379508197,0.260245902,0.010245902,0
GR,2017,NA,71135835.3871985,-293.16774025,1.5775,5.6175,0,Greece,20628.77,-0.4,0.25,0,1.1
GR,2018,NA,62025979.6852796,-884.59446175,1.47833333333333,5.62166666666667,0,Greece,21197.9,-0.4,0.25,0,0.8
GR,2019,NA,56755696.2968453,-886.8781985,1.40166666666667,5.62833333333333,0,Greece,21826.74,-0.42876712300000003,0.25,0,0.5
GR,2020,NA,63099941.896709204,-53.50828675,1.37,5.27666666666667,0,Greece,19894.97,-0.5,0.25,0,-1.3
GR,2021,NA,47295482.6734042,-51.79482225,1.33916666666667,5.21666666666667,0,Greece,22329.25,-0.5,0.25,0,0.6
GR,2022,NA,46180768.1632215,-190.2094325,1.98833333333333,5.77583333333333,0.578767123287669,Greece,25252.55,0.078767123,0.828767123,0.578767123,9.3
GR,2023,NA,47505373.564828,-88.0455145,4.66416666666667,7.56916666666667,3.80753424657534,Greece,27551.53,3.307534247,4.057534247,3.807534247,4.2
LT,2005,NA,6955617.07332287,2.62201866666667,3.35916666666667,6.99166666666667,2.01780821917808,Lithuania,12351.35,1.017808219,3.017808219,2.017808219,2.7
LT,2006,NA,11465487.1919121,2.60562833333333,4.07083333333333,6.96666666666667,2.76027397260274,Lithuania,13560.76,1.760273973,3.760273973,2.760273973,3.8
LT,2007,NA,18069988.6898838,2.626775,5.09083333333333,7.58,3.83904109589041,Lithuania,15635.04,2.839041096,4.839041096,3.839041096,5.8
LT,2008,NA,19209338.5758523,2.75500566666667,5.4075,7.98,3.90027322404372,Lithuania,16676.23,3.005464481,4.775956284,3.900273224,11.1
LT,2009,NA,16667466.498598,1.83206133333333,2.89166666666667,7.25416666666667,1.27876712328767,Lithuania,14409.71,0.465753425,2.091780822,1.278767123,4.2
LT,2010,NA,13796368.7902191,1.709266,2.555,6.775,1,Lithuania,15689.48,0.25,1.75,1,1.2
LT,2011,NA,12978920.8058578,2.151302,3.1875,7.0241666666666696,1.24931506849315,Lithuania,17674.86,0.499315068,1.999315068,1.249315068,4.1
LT,2012,NA,12990029.3381152,2.00496966666667,2.87666666666667,6.88916666666667,0.881147540983607,Lithuania,18970.29,0.131147541,1.631147541,0.881147541,3.2
LT,2013,NA,13621358.6275368,2.099999,2.65666666666667,6.725,0.553424657534246,Lithuania,20019.48,0,1.140410959,0.553424658,1.2
LT,2014,NA,11312163.7957668,2.56792966666667,2.48666666666667,6.53916666666667,0.163150684931507,Lithuania,21008.54,-0.086849315,0.523424658,0.163150685,0.2
LT,2015,NA,10875765.0740191,2.39723266666667,1.97166666666667,6.05166666666667,0.05,Lithuania,21730.55,-0.20630137,0.3,0.05,-0.7
LT,2016,NA,11730011.4684792,2.32338533333333,1.70333333333333,5.80666666666667,0.0102459016393442,Lithuania,22397.25,-0.379508197,0.260245902,0.010245902,0.7
LT,2017,NA,14070831.4220445,2.37135866666667,1.5775,5.6175,0,Lithuania,24160.07,-0.4,0.25,0,3.7
LT,2018,NA,15022023.994692,2.380959,1.47833333333333,5.62166666666667,0,Lithuania,25965.07,-0.4,0.25,0,2.5
LT,2019,NA,15786228.190254,2.491076,1.40166666666667,5.62833333333333,0,Lithuania,27730.93,-0.42876712300000003,0.25,0,2.2
LT,2020,NA,16858311.0706407,2.10729433333333,1.37,5.27666666666667,0,Lithuania,27796.58,-0.5,0.25,0,1.1
LT,2021,NA,17215502.0214558,2.071975,1.33916666666667,5.21666666666667,0,Lithuania,30754.16,-0.5,0.25,0,4.6
LT,2022,NA,18288313.7338865,2.391627,1.98833333333333,5.77583333333333,0.578767123287669,Lithuania,33169.92,0.078767123,0.828767123,0.578767123,18.9
LT,2023,NA,20503274.2566175,4.50805,4.66416666666667,7.56916666666667,3.80753424657534,Lithuania,34529.63,3.307534247,4.057534247,3.807534247,8.7
LU,2005,NA,68742072.2854221,1.0203337037037,3.35916666666667,6.99166666666667,2.01780821917808,Luxembourg,58467.02,1.017808219,3.017808219,2.017808219,3.8
LU,2006,NA,89505664.75562,1.25158355555556,4.07083333333333,6.96666666666667,2.76027397260274,Luxembourg,64996.02,1.760273973,3.760273973,2.760273973,3
LU,2007,NA,116465369.897472,1.34852966666667,5.09083333333333,7.58,3.83904109589041,Luxembourg,69532.64,2.839041096,4.839041096,3.839041096,2.7
LU,2008,NA,121150120.350065,1.55171851851852,5.4075,7.98,3.90027322404372,Luxembourg,73075.14,3.005464481,4.775956284,3.900273224,4.1
LU,2009,NA,109140018.054324,1.6810162962963,2.89166666666667,7.25416666666667,1.27876712328767,Luxembourg,68843.75,0.465753425,2.091780822,1.278767123,0
LU,2010,NA,89769672.8484915,1.11261577777778,2.555,6.775,1,Luxembourg,71406.8,0.25,1.75,1,2.8
LU,2011,NA,92940509.0541416,1.28906822222222,3.1875,7.0241666666666696,1.24931506849315,Luxembourg,73402.89,0.499315068,1.999315068,1.249315068,3.7
LU,2012,NA,104857770.378541,1.41287396296296,2.87666666666667,6.88916666666667,0.881147540983607,Luxembourg,74543.8,0.131147541,1.631147541,0.881147541,2.9
LU,2013,NA,106291339.251472,1.43851888888889,2.65666666666667,6.725,0.553424657534246,Luxembourg,75787.98,0,1.140410959,0.553424658,1.7
LU,2014,NA,97837546.164019,1.45896040740741,2.48666666666667,6.53916666666667,0.163150684931507,Luxembourg,78704,-0.086849315,0.523424658,0.163150685,0.7
LU,2015,NA,94704970.3539746,1.50721985185185,1.97166666666667,6.05166666666667,0.05,Luxembourg,81282.46,-0.20630137,0.3,0.05,0.1
LU,2016,NA,95991866.4702147,1.46652566666667,1.70333333333333,5.80666666666667,0.0102459016393442,Luxembourg,82212.72,-0.379508197,0.260245902,0.010245902,0
LU,2017,NA,111309258.595369,1.61842162962963,1.5775,5.6175,0,Luxembourg,82612.79,-0.4,0.25,0,2.1
LU,2018,NA,115937121.01944,1.59738677777778,1.47833333333333,5.62166666666667,0,Luxembourg,82875.2,-0.4,0.25,0,2
LU,2019,NA,115809066.684578,1.8376702962963,1.40166666666667,5.62833333333333,0,Luxembourg,82770.14,-0.42876712300000003,0.25,0,1.6
LU,2020,NA,122618689.995504,1.68037907407407,1.37,5.27666666666667,0,Luxembourg,82135.28,-0.5,0.25,0,0
LU,2021,NA,120516390.46553,1.59201540740741,1.33916666666667,5.21666666666667,0,Luxembourg,91540.55,-0.5,0.25,0,3.5
LU,2022,NA,119441808.365141,1.95566151851852,1.98833333333333,5.77583333333333,0.578767123287669,Luxembourg,93868.14,0.078767123,0.828767123,0.578767123,8.2
LU,2023,NA,121093046.209825,2.95535848148148,4.66416666666667,7.56916666666667,3.80753424657534,Luxembourg,96398.5,3.307534247,4.057534247,3.807534247,2.9
LV,2005,NA,7011749.94591919,3.06694433333333,3.35916666666667,6.99166666666667,2.01780821917808,Latvia,11462.93,1.017808219,3.017808219,2.017808219,6.9
LV,2006,NA,10588578.7813759,3.15380533333333,4.07083333333333,6.96666666666667,2.76027397260274,Latvia,12503.83,1.760273973,3.760273973,2.760273973,6.6
LV,2007,NA,15162244.3093607,3.32054366666667,5.09083333333333,7.58,3.83904109589041,Latvia,14185.8,2.839041096,4.839041096,3.839041096,10.1
LV,2008,NA,15810214.8919586,3.673088,5.4075,7.98,3.90027322404372,Latvia,14986.02,3.005464481,4.775956284,3.900273224,15.3
LV,2009,NA,14151653.112643,3.170138,2.89166666666667,7.25416666666667,1.27876712328767,Latvia,13078.4,0.465753425,2.091780822,1.278767123,3.3
LV,2010,NA,11285203.5766833,2.24437433333333,2.555,6.775,1,Latvia,13611.11,0.25,1.75,1,-1.2
LV,2011,NA,10041034.0988669,2.33895466666667,3.1875,7.0241666666666696,1.24931506849315,Latvia,14430.49,0.499315068,1.999315068,1.249315068,4.2
LV,2012,NA,10121823.5386306,2.42616666666667,2.87666666666667,6.88916666666667,0.881147540983607,Latvia,15955.41,0.131147541,1.631147541,0.881147541,2.3
LV,2013,NA,10446220.2371102,2.901797,2.65666666666667,6.725,0.553424657534246,Latvia,16496.58,0,1.140410959,0.553424658,0
LV,2014,NA,8396677.25116133,2.754426,2.48666666666667,6.53916666666667,0.163150684931507,Latvia,17229.67,-0.086849315,0.523424658,0.163150685,0.7
LV,2015,NA,7450166.36786807,2.98742,1.97166666666667,6.05166666666667,0.05,Latvia,18180.73,-0.20630137,0.3,0.05,0.2
LV,2016,NA,7343897.92972041,2.84708866666667,1.70333333333333,5.80666666666667,0.0102459016393442,Latvia,18781.49,-0.379508197,0.260245902,0.010245902,0.1
LV,2017,NA,8248005.32314873,2.94118066666667,1.5775,5.6175,0,Latvia,19894.84,-0.4,0.25,0,2.9
LV,2018,NA,8143407.8385142,3.29731066666667,1.47833333333333,5.62166666666667,0,Latvia,21226.42,-0.4,0.25,0,2.6
LV,2019,NA,8150779.33237279,2.788781,1.40166666666667,5.62833333333333,0,Latvia,22019.77,-0.42876712300000003,0.25,0,2.7
LV,2020,NA,8929963.59625161,2.55025433333333,1.37,5.27666666666667,0,Latvia,22051.43,-0.5,0.25,0,0.1
LV,2021,NA,8333474.85727072,2.593625,1.33916666666667,5.21666666666667,0,Latvia,24742.84,-0.5,0.25,0,3.2
LV,2022,NA,8314573.91716719,2.66368933333333,1.98833333333333,5.77583333333333,0.578767123287669,Latvia,26153.09,0.078767123,0.828767123,0.578767123,17.2
LV,2023,NA,9091401.5251093,5.38807466666667,4.66416666666667,7.56916666666667,3.80753424657534,Latvia,28293.18,3.307534247,4.057534247,3.807534247,9.1
SI,2005,NA,1968262.72331818,1.869608,3.35916666666667,6.99166666666667,2.01780821917808,Slovenia,20155.18,1.017808219,3.017808219,2.017808219,2.4
SI,2006,NA,2873832.54833436,1.6753395,4.07083333333333,6.96666666666667,2.76027397260274,Slovenia,21081.72,1.760273973,3.760273973,2.760273973,2.5
SI,2007,NA,4628065.28590393,1.623163,5.09083333333333,7.58,3.83904109589041,Slovenia,22461.16,2.839041096,4.839041096,3.839041096,3.8
SI,2008,NA,5670751.62843704,1.7798235,5.4075,7.98,3.90027322404372,Slovenia,23685.6,3.005464481,4.775956284,3.900273224,5.5
SI,2009,NA,6011224.96227073,1.7148045,2.89166666666667,7.25416666666667,1.27876712328767,Slovenia,21564.12,0.465753425,2.091780822,1.278767123,0.8
SI,2010,NA,5918751.55985856,2.1730515,2.555,6.775,1,Slovenia,21823.04,0.25,1.75,1,2.1
SI,2011,NA,5488085.45668518,2.152132,3.1875,7.0241666666666696,1.24931506849315,Slovenia,22357.25,0.499315068,1.999315068,1.249315068,2.1
SI,2012,NA,5386290.66027296,1.957423,2.87666666666667,6.88916666666667,0.881147540983607,Slovenia,22232.92,0.131147541,1.631147541,0.881147541,2.8
SI,2013,NA,4620586.17065478,1.877253,2.65666666666667,6.725,0.553424657534246,Slovenia,22338.13,0,1.140410959,0.553424658,1.9
SI,2014,NA,3981316.32230687,2.286736,2.48666666666667,6.53916666666667,0.163150684931507,Slovenia,22935.57,-0.086849315,0.523424658,0.163150685,0.4
SI,2015,NA,3316755.92996276,2.169178,1.97166666666667,6.05166666666667,0.05,Slovenia,23608.99,-0.20630137,0.3,0.05,-0.8
SI,2016,NA,3046279.21130419,1.809728,1.70333333333333,5.80666666666667,0.0102459016393442,Slovenia,24441.92,-0.379508197,0.260245902,0.010245902,-0.2
SI,2017,NA,3572657.06356311,2.138758,1.5775,5.6175,0,Slovenia,26029.02,-0.4,0.25,0,1.6
SI,2018,NA,3583350.29567265,2.2498165,1.47833333333333,5.62166666666667,0,Slovenia,27505.13,-0.4,0.25,0,1.9
SI,2019,NA,3595916.42992532,2.256453,1.40166666666667,5.62833333333333,0,Slovenia,28959.17,-0.42876712300000003,0.25,0,1.7
SI,2020,NA,3603103.44963491,2.50254,1.37,5.27666666666667,0,Slovenia,28131.35,-0.5,0.25,0,-0.3
SI,2021,NA,3276643.26970339,2.585013,1.33916666666667,5.21666666666667,0,Slovenia,30786.42,-0.5,0.25,0,2
SI,2022,NA,3255983.72601807,2.7763775,1.98833333333333,5.77583333333333,0.578767123287669,Slovenia,33594.11,0.078767123,0.828767123,0.578767123,9.3
SI,2023,NA,3258916.08256149,4.337386,4.66416666666667,7.56916666666667,3.80753424657534,Slovenia,36588.03,3.307534247,4.057534247,3.807534247,7.2
SK,2005,NA,8415629.992861,3.55277566666667,3.35916666666667,6.99166666666667,2.01780821917808,Slovakia,10976.05,1.017808219,3.017808219,2.017808219,2.8
SK,2006,NA,12600136.9634026,3.48921733333333,4.07083333333333,6.96666666666667,2.76027397260274,Slovakia,12573.14,1.760273973,3.760273973,2.760273973,4.3
SK,2007,NA,18827128.8386463,3.61906866666667,5.09083333333333,7.58,3.83904109589041,Slovakia,15428.97,2.839041096,4.839041096,3.839041096,1.9
SK,2008,NA,24112291.451242,3.56802833333333,5.4075,7.98,3.90027322404372,Slovakia,18288.02,3.005464481,4.775956284,3.900273224,3.9
SK,2009,NA,25446938.2529068,3.62615,2.89166666666667,7.25416666666667,1.27876712328767,Slovakia,18188.45,0.465753425,2.091780822,1.278767123,0.9
SK,2010,NA,24864976.8724959,3.84029633333333,2.555,6.775,1,Slovakia,19943.77,0.25,1.75,1,0.7
SK,2011,NA,26723527.814389,3.988799,3.1875,7.0241666666666696,1.24931506849315,Slovakia,20400.94,0.499315068,1.999315068,1.249315068,4.1
SK,2012,NA,28144818.3576394,3.75448366666667,2.87666666666667,6.88916666666667,0.881147540983607,Slovakia,20871.8,0.131147541,1.631147541,0.881147541,3.7
SK,2013,NA,30345504.6296672,3.846593,2.65666666666667,6.725,0.553424657534246,Slovakia,21160.58,0,1.140410959,0.553424658,1.5
SK,2014,NA,29479246.4159718,3.70644266666667,2.48666666666667,6.53916666666667,0.163150684931507,Slovakia,21835.79,-0.086849315,0.523424658,0.163150685,-0.1
SK,2015,NA,29797340.5818651,3.329457,1.97166666666667,6.05166666666667,0.05,Slovakia,22717.31,-0.20630137,0.3,0.05,-0.3
SK,2016,NA,31901196.3444314,3.039769,1.70333333333333,5.80666666666667,0.0102459016393442,Slovakia,21738.84,-0.379508197,0.260245902,0.010245902,-0.5
SK,2017,NA,40758805.2631178,2.74771066666667,1.5775,5.6175,0,Slovakia,21757.12,-0.4,0.25,0,1.4
SK,2018,NA,42706959.7403044,2.54387333333333,1.47833333333333,5.62166666666667,0,Slovakia,22423.3,-0.4,0.25,0,2.5
SK,2019,NA,44814816.3762346,2.272511,1.40166666666667,5.62833333333333,0,Slovakia,23237.68,-0.42876712300000003,0.25,0,2.8
SK,2020,NA,51695754.6681285,2.07201133333333,1.37,5.27666666666667,0,Slovakia,23791.31,-0.5,0.25,0,2
SK,2021,NA,49706674.3353653,1.86913733333333,1.33916666666667,5.21666666666667,0,Slovakia,25738.77,-0.5,0.25,0,2.8
SK,2022,NA,52797662.3399151,1.901133,1.98833333333333,5.77583333333333,0.578767123287669,Slovakia,26868.21,0.078767123,0.828767123,0.578767123,12.1
SK,2023,NA,57094065.0931148,2.38558466666667,4.66416666666667,7.56916666666667,3.80753424657534,Slovakia,29638.1,3.307534247,4.057534247,3.807534247,11
